slang,meaning
99%,như_mới
ace,anh_chị_em
ae,anh_em
bro,anh_em
atrai,anh_trai
aye,anh yêu em
baoh,bao_giờ
bnhiêu,bao_nhiêu
bnhiu,bao_nhiêu
biet,biết
biêt,biết
bik,biết
pjt,biết
buôg,buông
funny,buồn_cười
sad,buồn
bsvv,buổi_sáng vui_vẻ
bsĩ,bác_sĩ
cmt,bình_luận
bth,bình_thường
bthg,bình_thường
bthường,bình_thường
btthuong,bình_thường
normal,bình_thường
bìh,bình
bóg,bóng
ghosting,bơ tin_nhắn
ems,bưu_điện việt_nam
bbè,bạn_bè
my fen,bạn của tôi
bgái,bạn_gái
btrai,bạn_trai
bạn hiền,bạn
bạng,bạn
bn,bạn
bợn,bạn
fen,bạn
friend,bạn
bh,bảo_hành
bật ngửa,bất_ngờ
wow,bất_ngờ
busy,bận
bằg,bằng
unfl,bỏ theo_dõi
bme,bố_mẹ
combo,bộ sản_phẩm
set,bộ sản_phẩm
high,cao
cka,cha
share,chia_sẻ
fight,chiến_đấu
chug,chung
pro,chuyên_nghiệp
bank,chuyển_khoản ngân_hàng
chuện,chuyện
cbị,chuẩn_bị
chẩn,chuẩn
choẩn,chuẩn
chuẩn bài,chuẩn
chuẩn cmnr,chuẩn
chuẩn không cần chỉnh,chuẩn
chuẩn luôn,chuẩn
chửn,chuẩn
chàg,chàng
auth,chính_hãng
authentic,chính_hãng
chuẩn cơm mẹ nấu,chính_xác
dog,chó
cmày,chúng_mày
chúng mik,chúng_mình
chta,chúng_ta
cta,chúng_ta
chúg,chúng
chăg,chăng
play,chơi
ctr,chương_trình
ctrinh,chương_trình
ctrình,chương_trình
quality,chất_lượng
slow,chậm
sure,chắc_chắn
chs,chẳng hiểu sao
block,chặn
ce,chị_em
sis,chị_em
cj,chị
chk,chồng
ck,chồng
chục k,chục_nghìn_đồng
cmnd,chứng_minh_nhân_dân
cgai,con_gái
cgái,con_gái
cmm,con_mẹ_mày
cmn,con_mẹ_nó
cmnr,con_mẹ_nó rồi
ctrai,con_trai
ctraj,con_trai
ku,cu
csống,cuộc_sống
csong,cuộc_sống
life,cuộc_sống
cđời,cuộc_đời
coffee,cà_phê
càg,càng
mí bạn,các_bạn
mí bạng,các_bạn
clmm,cái_lồn_mẹ_mày
wtf,cái mẹ gì thế
kái,cái
kòn,còn
coá lun,có_luôn
maybe,có_thể
cg,có
ch,có
co,có
cô,có
có nha,có
có nhoa,có
coá,có
cóớ,có
ya,có
yea,có
yeb,có
yep,có
yep babi,có
cty,công_ty
ctác,công_tác
cv,công_việc
cviec,công_việc
work,công_việc
cùg,cùng
old,cũ
cũng z,cũng_vậy
cũg,cũng
cx,cũng
kũg,cũng
ahihi,cười
haha,cười
hihi,cười
kiki,cười
kk,cười
kkk,cười
arigatou,cảm_ơn
căm ơn,cảm_ơn
camon,cảm_ơn
cmơn,cảm_ơn
cơn,cảm_ơn
củm ơn,cảm_ơn
củm ơn nạ,cảm_ơn
cumon,cảm_ơn
gamsahamnida,cảm_ơn
sankyu,cảm_ơn
thank,cảm_ơn
thank you,cảm_ơn
thanks,cảm_ơn
thx,cảm_ơn
tks,cảm_ơn
tyvm,cảm_ơn nhiều
kảm,cảm
kậu,cậu
csvn,cộng_sản việt_nam
kủa,của
ét o ét,cứu_với
sos,cứu_với
shop,cửa_hàng
shôp,cửa_hàng
shốp,cửa_hàng
store,cửa_hàng
dàh,dành
zám,dám
dòg,dòng
cute,dễ_thương
đáng iu,dễ_thương
dthương,dễ_thương
easy,dễ
dừg,dừng
zữ,dữ
eya,em yêu anh
fb,facebook
gato,ghen_tị
family,gia_đình
gđ,gia_đình
gđình,gia_đình
ship,giao_hàng
grab,giao_hàng grab
ghn,giao_hàng_nhanh
ghtk,giao_hàng_tiết_kiệm
zà,già
rich,giàu
júp,giúp
deal,giảm_giá
sale,giảm_giá
giốg,giống
jo,giờ
noob,gà_mờ
gi,gì
j,gì
ji,gì
gắg,gắng
hahah,ha_ha
tờ đỏ,hai_trăm_nghìn_đồng
haj,hai
hajzz,haiz
hjhj,hi_hi
perfect,hoàn_hảo
bill,hoá_đơn
unf,huỷ kết_bạn
hoàn đơn,hàng bị trả_về
top,hàng_đầu
hđộng,hành_động
hìh,hình
hic,khóc
hixxx,khóc
hnay,hôm_nay
hqua,hôm_qua
htrc,hôm_trước
hphúc,hạnh_phúc
hkì,học_kỳ
họk,học
hsơ,hồ_sơ
hong kong,hồng_kông
box,hộp sản_phẩm
insta,instagram
flex,khoe_khoang
khoảg,khoảng
hard,khó
hjx,khóc
huhu,khóc
khum chịu,không_chịu
hết hàng,không còn sản_phẩm
hông có,không_có
klq,không liên_quan
bom,không_nhận
bùng,không_nhận
k phải,không_phải
ksao,không_sao
ko thèm,không_thèm
chê nha,không_thích
hăm,không
hem,không
hôg,không
hok,không
hơm,không
hong,không
hông,không
hum,không
k0,không
kh,không
khg,không
khôg,không
khon,không
khong,không
khum,không
ko,không
kô,không
no,không
nô pi sà,không
nop,không
nope,không
kd,kinh_doanh
kte,kinh_tế
kih,kinh
check,kiểm_tra
ktra,kiểm_tra
test,kiểm_tra
kêh,kênh
size,kích_cỡ
sz,kích_cỡ
zn,kẽm
kb,kết_bạn
kqua,kết_quả
ltinh,linh_tinh
llac,liên_lạc
lmht,liên_minh_huyền_thoại
lquan,liên_quan
lgi,làm_gì
lz,làm_gì
lzi,làm_gì
bơ,làm_lơ
ô dề,làm_lố
lquen,làm_quen
please,làm_ơn
plz,làm_ơn
lm,làm
ngầm ngầm,lén_lút
lòg,lòng
lúk,lúc
lí,lý
lạh,lạnh
lém,lắm
lém ạ,lắm
lặg,lặng
lol,lồn
loz,lồn
lozz,lồn
simp,lụy_tình
slang,meaning
freeship,miễn_phí vận_chuyển
chốt đơn,mua_hàng
cool,mát
computer,máy_tính
mih,mình
mik,mình
mìnk,mình
mjh,mình
mk,mình
pass,mật_khẩu
tired,mệt
all mn,mọi_người
mn,mọi_người
mng,mọi_người
mng ơi,mọi_người
mqh,mối_quan_hệ
mớj,mới
ms,mới
new,mới
ngag,ngang
ngke,nghe
ngèo,nghèo
poor,nghèo
ngía,nghía
nvqs,nghĩa_vụ_quân_sự
mlem,ngon
stupid,ngu_ngốc
ngàh,ngành
nghành,ngành
user,người_dùng
shiper,người_giao_hàng
shipper,người_giao_hàng
ngkhác,người_khác
ngta,người_ta
nta,người_ta
ngyeu,người_yêu
ny,người_yêu
nyêu,người_yêu
nyc,người_yêu_cũ
ngđó,người_đó
ngđo,người_đó
ng,người
nguoi,người
ngừoi,người
nguời,người
xỉu up xỉu down,ngất_ngây
sweet,ngọt_ngào
ngốk,ngốc
nhaa,nha
fast,nhanh
nhiềuuu,nhiều
nhjeu,nhiều
home,nhà
boring,nhàm_chán
nhoé,nhé
likenew,như_mới
nthe,như_thế
nthê,như_thế
nthế,như_thế
ntn,như_thế_nào
ntnao,như_thế_nào
ntnày,như_thế_này
nvay,như_vậy
nvậy,như_vậy
nkư,như
but mà,nhưng_mà
nma,nhưng_mà
but,nhưng
nhg,nhưng
nhưg,nhưng
nhưq,nhưng
nkưng,nhưng
ib,nhắn_tin
inbox,nhắn_tin riêng
nhữg,những
nàg,nàng
up đồ,nâng_cấp trang_bị
up rank,nâng_hạng
nek,nè
nèk,nè
nch,nói_chuyện
ns,nói
hot,nóng
nógn,nóng
tờ xanh,năm_trăm_nghìn_đồng
trâu xanh,năm_trăm_nghìn_đồng
năg,năng
water,nước
nắg,nắng
nặg,nặng
movie,phim
phog,phong
fây,phây
fee,phí
phòg,phòng
fải,phải
feedback,phản_hồi
rep,phản_hồi
pr0,chuyên_nghiệp
pro,chuyên_nghiệp
qhe,quan_hệ
qhệ,quan_hệ
qtrọng,quan_trọng
qtam,quan_tâm
qtâm,quan_tâm
wtâm,quan_tâm
qà,quà
chuẩn đét,quá_chuẩn
quá trùi,quá_nhiều
qa,quá
qá,quá
wa,quá
wá,quá
quí,quý
qả,quả
ad,quản_trị_viên
admin,quản_trị_viên
qc,quảng_cáo
qq,quần_què
riêg,riêng
răg,răng
free,rảnh
nhìn phát gớm,rất_xấu
xấu đau xấu đớn,rất_xấu
được của ló,rất_được
hết nước chấm,rất đẳng_cấp
quá khét,rất đẳng_cấp
very,rất
rằg,rằng
cheap,rẻ
òy,rồi
oy,rồi
r,rồi
roài,rồi
ròi,rồi
rồii,rồi
ròiii,rồi
rồiii,rồi
ròy,rồi
rui,rồi
rùi,rồi
zồi,rồi
zùi,rồi
sai rùi,sai_rồi
wrong rùi,sai_rồi
fail,sai
false,sai
sai lè,sai
wrong,sai
xaai,sai
xai,sai
snvv,sinh_nhật vui_vẻ
sviên,sinh_viên
svtn,sinh_viên tình_nguyện
super,siêu
sr,sorry
snghĩ,suy_nghĩ
sg,sài_gòn
book,sách
morning,sáng
sp,sản_phẩm
sphm,sản_phẩm
hàng auth,sản_phẩm chính_hãng
hàng dựng,sản_phẩm lắp_ráp lại
hàng fake,sản_phẩm nhái
hàng rep,sản_phẩm sao_chép
sml,sấp_mặt_lờ
ready,sẵn_sàng
sl,số_lượng
stk,số_tài_khoản
sđt,số_điện_thoại
sốg,sống
sd,sử_dụng
sdung,sử_dụng
cod,thanh_toán khi nhận_hàng
fl,theo_dõi
lose,thua
thàh,thành
add,thêm_bạn
thỳ,thì
like,thích
thich,thích
thíck,thích
thík,thích
thik,thích
thjc,thích
thjk,thích
thým,thím
hoy,thôi
thôii,thôi
thoy,thôi
thuii,thôi
thuj,thôi
smart,thông_minh
in4,thông_tin
pet,thú_cưng
chill,thư_giãn
thươg,thương
thuơng,thương
thườg,thường
tym,thả_tim
real,thật
win,thắng
thằg,thằng
thẳg,thẳng
world,thế_giới
tgdd,thế_giới_di_động
tnào,thế_nào
tđn,thế_đéo_nào
tgian,thời_gian
thgian,thời_gian
time,thời_gian
sms,tin_nhắn
tiếg,tiếng
money,tiền
troai,trai
trag,trang
trieu,triệu
trog,trong
thpt,trung_học_phổ_thông
mall,trung_tâm_thương_mại
malls,trung_tâm_thương_mại
shopping mall,trung_tâm_thương_mại
mega mall,trung_tâm_thương_mại lớn
game,trò_chơi
lít,trăm_nghìn_đồng
trăm k,trăm_nghìn_đồng
trăm nghìn,trăm_nghìn_đồng
trc,trước
school,trường
trườg,trường
trầm kẽm,trầm_cảm
trầm zn,trầm_cảm
trẩu,trẩu_tre
trẩu tre,trẻ_trâu
trọg,trọng
on lai,trực_tuyến
onl,trực_tuyến
amazing,tuyệt_vời
awesome,tuyệt_vời
đỉnh chóp,tuyệt_vời
great,tuyệt_vời
acc,tài_khoản
tk,tài_khoản
tcảm,tình_cảm
tyêu,tình_yêu
tìh,tình
tíh,tính
up level,tăng_cấp
tv,tư_vấn
tlai,tương_lai
tưởg,tưởng
tượg,tưởng
bye,tạm_biệt
goodbye,tạm_biệt
worst,tệ_nhất
bad,tệ
phốt shop,tố_cáo cửa_hàng
max,tối_đa
night,tối
gút chóp,tốt_lắm
best,tốt_nhất
good,tốt
gút,tốt
o văn kê,tốt
ok babi,được
ok lah,được
ok liền,được
okela,được
okey,được
oki,được
okie,được
okik,được
okila,được
từg,từng
uốg,uống
vjp,vip
vn,việt_nam
đ,việt_nam_đồng
vnd,việt_nam_đồng
up mood,vui_lên
vv,vui_vẻ
happy,vui
zui,vui
yes sir,vâng_lệnh
vg,vâng
vch,vãi_chưởng
vchg,vãi_chưởng
vcl,vãi_chưởng
vcđ,vãi_cả_đái
vđ,vãi_đái
vd,ví_dụ
momo,ví_điện_tử momo
vl,vô_cùng
cực khét,vô_cùng đẳng_cấp
zô,vô
zú,vú
vđê,vấn_đề
vde,vấn_đề
vẫn thia,vẫn_thế
vẫn thía,vẫn_thế
vưỡn thế,vẫn_thế
vẫn zậy,vẫn_vậy
vỡn,vẫn
vưỡn,vẫn
zẫn,vẫn
z là,vậy_là
dzậy,vậy
v,vậy
vại,vậy
vạii,vậy
z,vậy
zạ,vậy
zay,vậy
zạy,vậy
zậy,vậy
zẻ,vẻ
zìa,về
vọg,vọng
vớii,với
vs,với
vs,với
vc,vợ_chồng
vk,vợ
car,xe_hơi
bike,xe_đạp
preview,xem_trước
hello,xin_chào
sorry,xin_lỗi
xl,xin_lỗi
xloi,xin_lỗi
xih,xinh
xinhh,xinh
xink,xinh
xog,xong
excellent,xuất_sắc
xuốg,xuống
ugly quá,xấu_quá
í ẹ,xấu
ugly,xấu
xấuớ,xấu
xấuu,xấu
xấuuuh,xấu
ytb,youtube
love,yêu_thích
iu,yêu
ah,à
àk,à
ak,à
ák,á
music,âm_nhạc
ik,ý
đag,đang
đii,đi
điiiiiii,đi
crazy,điên
đjên,điên
mad,điên
mod,điều_hành_viên
đkiện,điều_kiện
dt,điện_thoại
đt,điện_thoại
đthoại,điện_thoại
đthoai,điện_thoại
phone,điện_thoại
đág,đáng
đáh,đánh
seal,niêm_phong
used,đã sử_dụng
seen,đã_xem
đbh,đéo bao_giờ
đhs,đéo hiểu sao
đóg,đóng
đôg,đông
chuẩn rùi,đúng_rồi
dr,đúng_rồi
đúm roài,đúng_rồi
đúm rùi,đúng_rồi
đúng dẫy,đúng_vậy
d,đúng
đúg,đúng
đúm,đúng
đún,đúng
đúng nạ,đúng
right,đúng
true,đúng
yes,đúng
up bài,đăng_bài
up hình,đăng_hình
đki,đăng_ký
đky,đăng_ký
dky,đăng_ký
sub,đăng_ký
upstt,đăng trạng_thái
up status,đăng trạng_thái
up ảnh,đăng_ảnh
được lun,được_luôn
dc ràu,được_rồi
đc ràu,được_rồi
dc rùi,được_rồi
đc rùi,được_rồi
dc,được
đc,được
drc,được
duoc,được
đươc,được
đuợc,được
được nha,được
đượt,được
ô kê,được
ok,được
okay,được
oke,được
okee,được
đhọc,đại_học
đhbkhn,đại_học_bách_khoa_hà_nội
đhkhtn,đại_học_khoa_học_tự_nhiên
hết nấc,đạt mức tối_đa
max tầm,đạt mức tối_đa
full,đầy_đủ
full option,đầy_đủ cấu_hình
full box,đầy_đủ hộp phụ_kiện
chất chơi,đẳng_cấp
pro vip,đẳng_cấp
quá pro,đẳng_cấp
vip,đẳng_cấp
vip pro,đẳng_cấp
vip xịn,đẳng_cấp
vip xờ lót,đẳng_cấp
order,đặt_hàng
đẹp zai,đẹp_trai
dz,đẹp_trai
đz,đẹp_trai
đzai,đẹp_trai
handsome,đẹp_trai
beautiful,đẹp
đệp,đẹp
đẹppp,đẹp
nice,đẹp
địh,định
drink,đồ_uống
food,đồ_ăn
đồg,đồng
đ/t,đổi_trả
đtqg,đội_tuyển_quốc_gia
team,đội
độg,động
đứg,đứng
ơiii,ơi
ơiiii,ơi
ạh,ạ
ạk,ạ
atsm,ảo_tưởng sức_mạnh
oh,ồ
fine,ổn
uh,ừ
uk,ừ
uhm,ừm
ukm,ừm
không hạp,không_hợp
kn,kinh_nghiệm
đéo,không
form,hình_thức