Rating,Comment,ProductName,Helpfulness_Score,CommentDate,SubCategory
5,"độ bền : dùng ổn định tốc độ đun : nhanh có màu đẹp thiết kế : xuất sắc, quá tuyệt vời, xứng đáng trong tầm giá","Ấm đun siêu tốc, Bình đun nước thủy tinh siêu tốc 2.5L, inox không gỉ dung tích 1.8L METIS tay cầm chống nóng",1,2026-05-05,Electronic
5,chất lượng sản phẩm : chất lượng khá ổn hộp hơi nhỏ nhưng vẫn ổn,"Hộp Đựng Cơm Túi Đựng Cơm Trưa Giữ Nhiệt Văn Phòng Cách Nhiệt, Combo 3 Ngăn Đựng Thức Ăn 2 Lớp Bằng Thép Không Gỉ 304",1,2026-05-05,Electronic
5,"sóc nói : nếu con muốn thu hút năng lượng tích cực, hãy đem năng lượng tích cực đến cho người khác. tất nhiên, không phải lúc nào con cũng vui vẻ hào hứng được, nhưng chỉ một câu chào, một nụ cười, hay một lời khen dành cho ai đó cũng có thể khiến họ vui hơn là con nghĩ. mọi điều con đem đến trong vũ trụ này cuối cùng đều sẽ quay lại với con.","Cân Tiểu Ly Điện Tử Nhà Bếp 1g-10kg, 0,1g- 5kg METIS Độ Chính Xác Cao, Chất Liệu Hợp Kim Thép Bền Bỉ Tặng Kèm 2 pin",1,2026-05-05,Electronic
5,độ chính xác : cân chuẩn kết nối bluetooth : dùng pin,Cân Điện Tử METIS Sạc USB Kết Nối Bluetooth Phân Tích Chỉ Số Cơ Thể Trọng Lượng Tối Đa 180kg,1,2026-05-05,Electronic
5,độ chính xác : chuẩn kết nối bluetooth : chưa kết nối nên chưa biết thiết kế : màu đen nhìn sang nên mua,Cân Điện Tử METIS Sạc USB Kết Nối Bluetooth Phân Tích Chỉ Số Cơ Thể Trọng Lượng Tối Đa 180kg,1,2026-05-05,Electronic
5,"độ chính xác : tương đối thiết kế : gọn cửa hàng giao hàng nhanh, đóng gói bọc cẩn thận. cân mình thấy tương đối chuẩn. đo được nhiều chỉ số",GÓI BẢO HÀNH ĐIỆN TỬ 1 NĂM cho Cân Điện Tử METIS Sạc USB Kết Nối Bluetooth Phân Tích Chỉ Số Cơ Thể,1,2026-05-05,Electronic
5,"độ chính xác : chuẩn kết nối bluetooth : dễ dàng thiết kế : đẹp cửa hàng giao hàng nhanh, đóng gói bọc cẩn thận. cân mình thấy tương đối chuẩn. đo được nhiều chỉ số",Cân Điện Tử METIS Sạc USB Kết Nối Bluetooth Phân Tích Chỉ Số Cơ Thể Trọng Lượng Tối Đa 180kg,1,2026-05-05,Electronic
5,"thiết kế khá đẹp mắt, sử dụng sạc điện rất tiện lợi, phù hợp theo dõi sức khoẻ gia đình",Cân Điện Tử METIS Sạc USB Kết Nối Bluetooth Phân Tích Chỉ Số Cơ Thể Trọng Lượng Tối Đa 180kg,1,2026-05-05,Electronic
5,"độ chính xác : được kết nối bluetooth : được thiết kế : được giao nhanh , đóng gói được , sản phẩm tốt , nói chung là ổn , hdhdhdhdhdhdhhdh",Cân Điện Tử METIS Sạc USB Kết Nối Bluetooth Phân Tích Chỉ Số Cơ Thể Trọng Lượng Tối Đa 180kg,1,2026-05-05,Electronic
5,đã nhận hàng đầy đủ kèm pin để xài tạm thấy được đúng số không để xem xài lâu không thì tính,Cân Điện Tử METIS Sạc USB Kết Nối Bluetooth Phân Tích Chỉ Số Cơ Thể Trọng Lượng Tối Đa 180kg,1,2026-05-05,Electronic
5,"thông báo chào mừng kỷ niệm các ngày lễ lớn trong tháng 4, tháng 5 và lễ hội hoa phượng đỏ hải phòng 2026 với nhiều hoạt động văn hóa, nghệ thuật, thể thao, du lịch : khởi công, khánh thành một số dự án công trình trọng điểm trên địa bàn thành phố diễn ra từ tháng 4 đến hết tháng 5 2026, cao điểm từ ngày 8 14 05 2026.","Ấm đun siêu tốc, Bình đun nước thủy tinh siêu tốc 2.5L, inox không gỉ dung tích 1.8L METIS tay cầm chống nóng",1,2026-05-05,Electronic
5,giữ nhiệt : giá thành ổn sử dụng được giá rẻ giao hàng nhanh nên mua nha mọi người đóng gói chắc chắn,"Hộp Đựng Cơm Túi Đựng Cơm Trưa Giữ Nhiệt Văn Phòng Cách Nhiệt, Combo 3 Ngăn Đựng Thức Ăn 2 Lớp Bằng Thép Không Gỉ 304",1,2026-05-05,Electronic
5,độ chính xác : được chất liệu : được thiết kế : được,"Cân Tiểu Ly Điện Tử Nhà Bếp 1g-10kg, 0,1g- 5kg METIS Độ Chính Xác Cao, Chất Liệu Hợp Kim Thép Bền Bỉ Tặng Kèm 2 pin",1,2026-05-05,Electronic
5,giữ nhiệt : tốt chất liệu : được thiết kế : đẹp rất hài lòng,"Hộp Đựng Cơm Túi Đựng Cơm Trưa Giữ Nhiệt Văn Phòng Cách Nhiệt, Combo 3 Ngăn Đựng Thức Ăn 2 Lớp Bằng Thép Không Gỉ 304",1,2026-05-05,Electronic
5,"độ bền : được tốc độ đun : nhanh thiết kế : đẹp bình siêu tốc rất được, mình rất thích màu hồng này , bình đun rất nhanh mọi người nên mua ạ","Ấm đun siêu tốc, Bình đun nước thủy tinh siêu tốc 2.5L, inox không gỉ dung tích 1.8L METIS tay cầm chống nóng",1,2026-05-05,Electronic
5,chất lượng sản phẩm tuyệt vời đóng gói đẹp chắc chắn phục vụ tốt,GÓI BẢO HÀNH ĐIỆN TỬ 1 NĂM cho Cân Điện Tử METIS Sạc USB Kết Nối Bluetooth Phân Tích Chỉ Số Cơ Thể,1,2026-05-05,Electronic
5,giữ nhiệt : giữ nhiệt ổn chất liệu : inox mỏng thiết kế : thiết kế dễ thương dễ thương hộp cơm khá mỏng rất mỏng mỏng lè mỏng lét mà vẻ bên ngoài nhìn đẹp thôi à nên thôi kệ cho đại 5 sao,"Hộp Đựng Cơm Túi Đựng Cơm Trưa Giữ Nhiệt Văn Phòng Cách Nhiệt, Combo 3 Ngăn Đựng Thức Ăn 2 Lớp Bằng Thép Không Gỉ 304",1,2026-05-05,Electronic
5,"chất lượng được, nên mua ủng hộ shop hhgb","GÓI BẢO HÀNH ĐIỆN TỬ 1 NĂM cho Cân Tiểu Ly Điện Tử Nhà Bếp 1g-10kg, 0,1g- 5kg METIS Độ Chính Xác Cao",1,2026-05-05,Electronic
5,hộp cơm mua nhiều chất lượng được nên mua tiện lợi nên mua hoigb,"Hộp Đựng Cơm Túi Đựng Cơm Trưa Giữ Nhiệt Văn Phòng Cách Nhiệt, Combo 3 Ngăn Đựng Thức Ăn 2 Lớp Bằng Thép Không Gỉ 304",1,2026-05-05,Electronic
5,độ chính xác : chính xác chất liệu : không gỉ thiết kế : đẹp,"Cân Tiểu Ly Điện Tử Nhà Bếp 1g-10kg, 0,1g- 5kg METIS Độ Chính Xác Cao, Chất Liệu Hợp Kim Thép Bền Bỉ Tặng Kèm 2 pin",1,2026-05-05,Electronic
5,"độ chính xác : chính xác thiết kế : nhỏ gọn xem trước bước chân vào đời tập 32 thôi anh hưng đã vậy rồi thì trang nhận lời đi em, không tìm được ai tốt hơn ảnh đâu. còn thương, lương thiện hiền từ như em cũng nên có một người như lâm ở bên cạnh, quản trị viên thật :",GÓI BẢO HÀNH ĐIỆN TỬ 1 NĂM cho Cân Điện Tử METIS Sạc USB Kết Nối Bluetooth Phân Tích Chỉ Số Cơ Thể,1,2026-05-05,Electronic
5,độ chính xác : cân chuẩn kết nối bluetooth : dễ kết nối thiết kế : nhỏ gọn dễ mang theo được nên mua rẻ điên tiện lắm,Cân Điện Tử METIS Sạc USB Kết Nối Bluetooth Phân Tích Chỉ Số Cơ Thể Trọng Lượng Tối Đa 180kg,1,2026-05-04,Electronic
5,"độ chính xác : cân rất chính xác thiết kế : thiết kế đẹp, màu sắc hài hòa cân được và sẽ mua lại","GÓI BẢO HÀNH ĐIỆN TỬ 1 NĂM cho Cân Tiểu Ly Điện Tử Nhà Bếp 1g-10kg, 0,1g- 5kg METIS Độ Chính Xác Cao",1,2026-05-04,Electronic
5,"giữ nhiệt : hộp cơm giữ nhiệt khá tốt, cơm nóng lâu chất liệu : inox chắc chắn, dễ vệ sinh thiết kế : nhỏ gọn, dễ mang theo hộp rất được","Hộp Đựng Cơm Túi Đựng Cơm Trưa Giữ Nhiệt Văn Phòng Cách Nhiệt, Combo 3 Ngăn Đựng Thức Ăn 2 Lớp Bằng Thép Không Gỉ 304",1,2026-05-04,Electronic
5,"kinh nghiệm sử dụng : chưa có, mới dùng được vài ngày giao hàng nhanh, nhiệt lên nhanh, không lâu. dùng khá ổn phù hợp ví tiền","Lược Chải Tóc Điện Ion Âm METIS Lược Duỗi Thẳng, Bảo Vệ Tóc Cao Cấp Với 50 Triệu Ion Âm",1,2026-05-04,Electronic
5,bị gãy nắp nhưng không sao vì tôi đẹp trai và dễ tính,Cân Điện Tử METIS Sạc USB Kết Nối Bluetooth Phân Tích Chỉ Số Cơ Thể Trọng Lượng Tối Đa 180kg,1,2026-05-04,Electronic
5,"giữ nhiệt : giữ nhiệt khá tốt, đồ ăn vẫn ấm chất liệu : dễ vệ sinh, chắc chắn, có lót bên trong","Hộp Đựng Cơm Túi Đựng Cơm Trưa Giữ Nhiệt Văn Phòng Cách Nhiệt, Combo 3 Ngăn Đựng Thức Ăn 2 Lớp Bằng Thép Không Gỉ 304",1,2026-05-04,Electronic
5,"đóng gói sản phẩm chắc chắn, chưa sử dụng chưa biết giữ nhiệt có tốt không ,hi vọng được lâu ,inox 304 chắc chắn ,dễ vệ sinh có kèm đũa thìa ,","Hộp Đựng Cơm Túi Đựng Cơm Trưa Giữ Nhiệt Văn Phòng Cách Nhiệt, Combo 3 Ngăn Đựng Thức Ăn 2 Lớp Bằng Thép Không Gỉ 304",1,2026-05-04,Electronic
5,giao hàng nhanh. chất lượng sản phẩm ngoài mong đợi. mình rất thích sản phẩm này.,"Cân Tiểu Ly Điện Tử Nhà Bếp 1g-10kg, 0,1g- 5kg METIS Độ Chính Xác Cao, Chất Liệu Hợp Kim Thép Bền Bỉ Tặng Kèm 2 pin",1,2026-05-04,Electronic
5,"nói chung nhìn đẹp mắt, chắc chắn. sử dụng không biết bền hay không nhưng thử gối mát xa rất được nha . giao hàng siêu nhanh, bọc hàng cũng cẩn thận. ưng.","Hộp Đựng Cơm Túi Đựng Cơm Trưa Giữ Nhiệt Văn Phòng Cách Nhiệt, Combo 3 Ngăn Đựng Thức Ăn 2 Lớp Bằng Thép Không Gỉ 304",1,2026-05-04,Electronic
5,thiết kế : tiện lợi bị rách 1 chỗ nhưng thôi không sao,"Hộp Đựng Cơm Túi Đựng Cơm Trưa Giữ Nhiệt Văn Phòng Cách Nhiệt, Combo 3 Ngăn Đựng Thức Ăn 2 Lớp Bằng Thép Không Gỉ 304",1,2026-05-04,Electronic
5,tốc độ : sấy nhanh chế độ : nhiều mức gió và nhiều mức nhiệt để tuỳ chỉnh tiếng ồn : không ồn tí mô,Máy Sấy Tóc Ion Âm 5in1 METIS Không Cánh Quạt 3 Tốc Độ Công Suất 2200W 2 Chiều Tặng Kèm Đầu Sấy,1,2026-05-04,Electronic
5,"độ chính xác : cân có độ chính xác ổn chất liệu : không biết thiết kế : rất nhỏ nhìn chung xài ổn, hợp giá tiền","Cân Tiểu Ly Điện Tử Nhà Bếp 1g-10kg, 0,1g- 5kg METIS Độ Chính Xác Cao, Chất Liệu Hợp Kim Thép Bền Bỉ Tặng Kèm 2 pin",1,2026-05-03,Electronic
5,"ổn , nhưng mà cái app nó quảng cáo lâu quá , ngồi chờ nửa tiếng nó mới xong chán thật",Cân Điện Tử METIS Sạc USB Kết Nối Bluetooth Phân Tích Chỉ Số Cơ Thể Trọng Lượng Tối Đa 180kg,1,2026-05-03,Electronic
5,giao hàng nhanh cũng mất khoảng tầm 5 phút là nóng nhưng mình thấy loại này nói chung không thể so sánh được với máy là thông thường,"Lược Chải Tóc Điện Ion Âm METIS Lược Duỗi Thẳng, Bảo Vệ Tóc Cao Cấp Với 50 Triệu Ion Âm",1,2026-05-03,Electronic
5,độ chính xác : cân khá chuẩn kết nối bluetooth : kết nối dễ dàng thiết kế : nhỏ gọn chắc chắn cửa hàng giao hàng khá nhanh,Cân Điện Tử METIS Sạc USB Kết Nối Bluetooth Phân Tích Chỉ Số Cơ Thể Trọng Lượng Tối Đa 180kg,1,2026-05-03,Electronic
5,giữ nhiệt : hộp cơm giữ nhiệt tạm 2 3 tiếng chất liệu : không biết thiết kế : vừa vặn nhỏ gọn phù hợp với giá,"Hộp Đựng Cơm Túi Đựng Cơm Trưa Giữ Nhiệt Văn Phòng Cách Nhiệt, Combo 3 Ngăn Đựng Thức Ăn 2 Lớp Bằng Thép Không Gỉ 304",1,2026-05-03,Electronic
5,"độ chính xác : khá chuẩn kết nối bluetooth : kết nối nhanh thiết kế : nhỏ gọn, mỏng nhẹ giao hàng nhanh, sử dụng dễ dàng, cân và theo dõi được nhiều thành viên trong gia đình",Cân Điện Tử METIS Sạc USB Kết Nối Bluetooth Phân Tích Chỉ Số Cơ Thể Trọng Lượng Tối Đa 180kg,1,2026-05-03,Electronic
5,tôi có xu hướng chọn nội dung thực tế và gần gũi nhất với cuộc sống cá nhân của mình. phim ảnh giúp tôi kết nối trực tiếp với hiện tại và cảm thấy biết ơn những điều nhỏ bé trong cuộc sống của mình,"Cân Tiểu Ly Điện Tử Nhà Bếp 1g-10kg, 0,1g- 5kg METIS Độ Chính Xác Cao, Chất Liệu Hợp Kim Thép Bền Bỉ Tặng Kèm 2 pin",1,2026-05-03,Electronic
5,"độ chính xác : chuẩn kết nối bluetooth : không biết thiết kế : đẹp cân chuẩn, đóng gói được, được thêm 1 dây đo nữa. ổn nha mọi người.",Cân Điện Tử METIS Sạc USB Kết Nối Bluetooth Phân Tích Chỉ Số Cơ Thể Trọng Lượng Tối Đa 180kg,1,2026-05-03,Electronic
5,"độ bền : chưa xài loại tốc độ đun : đúng mẫu, đúng màu, chưa xài loại này biết có bền không, nhưng thấy giá cả ổn, nên mua","Ấm đun siêu tốc, Bình đun nước thủy tinh siêu tốc 2.5L, inox không gỉ dung tích 1.8L METIS tay cầm chống nóng",1,2026-05-03,Electronic
5,"nhìn có vẻ hơi mỏng manh ọp ẹp, không biết giữ nhiệt được bao lâu, để mai kiểm tra thử xem sao","Hộp Đựng Cơm Túi Đựng Cơm Trưa Giữ Nhiệt Văn Phòng Cách Nhiệt, Combo 3 Ngăn Đựng Thức Ăn 2 Lớp Bằng Thép Không Gỉ 304",1,2026-05-03,Electronic
5,kết nối bluetooth : có thiết kế : nhỏ gọn giao hàng nhanh kết nối bluetooth dễ dàng. đo được chỉ số cơ thể luôn. mong dùng được bền,Cân Điện Tử METIS Sạc USB Kết Nối Bluetooth Phân Tích Chỉ Số Cơ Thể Trọng Lượng Tối Đa 180kg,1,2026-05-03,Electronic
5,cân được á giao hàng nhanh đóng gói kĩ cân xinh có tặng kèm dây sạc nữa,Cân Điện Tử METIS Sạc USB Kết Nối Bluetooth Phân Tích Chỉ Số Cơ Thể Trọng Lượng Tối Đa 180kg,1,2026-05-03,Electronic
5,độ bền : sử dụng lâu mới biết được tốc độ đun : khá nhanh thiết kế : đẹp mọi người nên mua nhé. hàng dùng được,"Ấm đun siêu tốc, Bình đun nước thủy tinh siêu tốc 2.5L, inox không gỉ dung tích 1.8L METIS tay cầm chống nóng",1,2026-05-03,Electronic
5,"độ bền : chưa sử dụng tốc độ đun : chưa sử dụng thiết kế : nhìn mẫu đẹp nhận hàng nhanh sau 1 ngày đặt, nhưng cầm thấy nhẹ tay quá không biết sử dụng bền không nữa, hy vọng bền , mẫu đẹp","Ấm đun siêu tốc, Bình đun nước thủy tinh siêu tốc 2.5L, inox không gỉ dung tích 1.8L METIS tay cầm chống nóng",1,2026-05-03,Electronic
5,thiết kế : được,"Ấm đun siêu tốc, Bình đun nước thủy tinh siêu tốc 2.5L, inox không gỉ dung tích 1.8L METIS tay cầm chống nóng",1,2026-05-03,Electronic
5,độ chính xác : chính xác,Cân Điện Tử METIS Sạc USB Kết Nối Bluetooth Phân Tích Chỉ Số Cơ Thể Trọng Lượng Tối Đa 180kg,1,2026-05-03,Electronic
5,"độ chính xác : được kết nối bluetooth : được thiết kế : được rất được nha mọi người chất lượng cao,giá cả hợp lý sẽ ủng hộ lại, đường may mũi chỉ tốt trông siêu đẹp siêu ưng ý, vừa trong trẻo vừa sâu sắc, ý tưởng mới mẻ sáng tạo, người bán có thái độ tích cực quả thật truyền cảm hứng",Cân Điện Tử METIS Sạc USB Kết Nối Bluetooth Phân Tích Chỉ Số Cơ Thể Trọng Lượng Tối Đa 180kg,1,2026-05-02,Electronic
5,độ chính xác : chất liệu : mọi người nên mua thử nhé hàng đóng gói cẩn thận ưng lắm luôn nha,"Cân Tiểu Ly Điện Tử Nhà Bếp 1g-10kg, 0,1g- 5kg METIS Độ Chính Xác Cao, Chất Liệu Hợp Kim Thép Bền Bỉ Tặng Kèm 2 pin",1,2026-05-02,Electronic
