Comment,CommentDate,SubCategory,Rating,Helpfulness_Score
độ bền dùng ổn_định tốc_độ đun nhanh màu đẹp thiết_kế xuất_sắc tuyệt_vời xứng_đáng tầm giá,2026-05-05,Electronic,5,1
chất_lượng sản_phẩm chất_lượng khá ổn hộp hơi nhỏ nhưng ổn,2026-05-05,Electronic,5,1
sóc nói con muốn thu_hút năng_lượng tích_cực hãy đem năng_lượng tích_cực khác tất_nhiên không_phải_lúc_nào con vui_vẻ hào_hứng nhưng câu chào nụ cười lời khen dành có_thể khiến vui con nghĩ mọi điều con đem vũ_trụ cuối_cùng quay con,2026-05-05,Electronic,5,1
độ chính_xác cân chuẩn kết_nối bluetooth dùng pin,2026-05-05,Electronic,5,1
độ chính_xác chuẩn kết_nối bluetooth chưa_kết_nối chưa_biết thiết_kế màu đen nhìn mua,2026-05-05,Electronic,5,1
độ chính_xác tương_đối thiết_kế gọn cửa_hàng giao hàng nhanh đóng_gói bọc cẩn_thận cân thấy tương_đối chuẩn đo nhiều chỉ_số,2026-05-05,Electronic,5,1
độ chính_xác chuẩn kết_nối bluetooth dễ_dàng thiết_kế đẹp cửa_hàng giao hàng nhanh đóng_gói bọc cẩn_thận cân thấy tương_đối chuẩn đo nhiều chỉ_số,2026-05-05,Electronic,5,1
thiết_kế khá đẹp_mắt sử_dụng sạc điện tiện_lợi phù_hợp theo_dõi sức_khỏe gia_đình,2026-05-05,Electronic,5,1
độ chính_xác kết_nối bluetooth thiết_kế giao nhanh đóng_gói sản_phẩm tốt nói_chung ổn hdhdhdhdhdhdhhdh,2026-05-05,Electronic,5,1
nhận hàng đầy_đủ kèm_pin xài tạm thấy đúng số không_để xài lâu không_thì tính,2026-05-05,Electronic,5,1
thông_báo chào_mừng kỷ_niệm ngày lễ lớn tháng 4 tháng 5 lễ_hội hoa phượng đỏ hải_phòng 2026 nhiều hoạt_động văn_hóa nghệ_thuật thể_thao du_lịch khởi_công khánh_thành một_số dự_án công_trình trọng_điểm địa_bàn thành_phố diễn tháng 4 tháng 5 2026 cao_điểm ngày 8 14 05 2026,2026-05-05,Electronic,5,1
giữ nhiệt giá_thành ổn sử_dụng giá rẻ giao hàng nhanh mua mọi đóng_gói chắc_chắn,2026-05-05,Electronic,5,1
độ chính_xác chất_liệu thiết_kế,2026-05-05,Electronic,5,1
giữ nhiệt tốt chất_liệu thiết_kế đẹp hài_lòng,2026-05-05,Electronic,5,1
độ bền tốc_độ đun nhanh thiết_kế đẹp bình siêu_tốc thích màu hồng bình_đun nhanh mọi mua,2026-05-05,Electronic,5,1
chất_lượng sản_phẩm tuyệt_vời đóng_gói đẹp chắc_chắn phục_vụ tốt,2026-05-05,Electronic,5,1
giữ nhiệt giữ nhiệt_ổn chất_liệu inox mỏng thiết_kế thiết_kế dễ_thương dễ_thương hộp cơm khá mỏng mỏng mỏng lè mỏng_lét vẻ nhìn đẹp thôi_kệ đại 5 sao,2026-05-05,Electronic,5,1
chất_lượng mua ủng_hộ shop hhgb,2026-05-05,Electronic,5,1
hộp cơm mua nhiều chất_lượng mua tiện_lợi mua hoigb,2026-05-05,Electronic,5,1
độ chính_xác chính_xác chất_liệu không_gỉ thiết_kế đẹp,2026-05-05,Electronic,5,1
độ chính_xác chính_xác thiết_kế nhỏ gọn bước chân đời tập 32 hưng rồi trang nhận_lời không_tìm tốt ảnh đâu thương lương_thiện hiền_từ cũng_nên lâm cạnh quản_trị_viên,2026-05-05,Electronic,5,1
độ chính_xác cân chuẩn kết_nối bluetooth dễ kết_nối thiết_kế nhỏ gọn dễ mua rẻ điên_tiện lắm,2026-05-04,Electronic,5,1
độ chính_xác cân chính_xác thiết_kế thiết_kế đẹp màu_sắc hài_hòa cân mua,2026-05-04,Electronic,5,1
giữ nhiệt hộp cơm giữ nhiệt khá tốt cơm nóng lâu chất_liệu inox chắc_chắn dễ vệ_sinh thiết_kế nhỏ gọn dễ hộp,2026-05-04,Electronic,5,1
kinh_nghiệm sử_dụng chưa_có dùng vài ngày giao hàng nhanh nhiệt nhanh không_lâu dùng khá ổn phù_hợp ví tiền,2026-05-04,Electronic,5,1
gãy nắp nhưng không_sao đẹp_trai dễ_tính,2026-05-04,Electronic,5,1
giữ nhiệt giữ nhiệt khá tốt đồ_ăn ấm chất_liệu dễ vệ_sinh chắc_chắn lót,2026-05-04,Electronic,5,1
đóng_gói sản_phẩm chắc_chắn chưa_sử_dụng chưa_biết giữ nhiệt tốt không hi_vọng lâu inox 304 chắc_chắn dễ vệ_sinh kèm đũa_thìa,2026-05-04,Electronic,5,1
giao hàng nhanh chất_lượng sản_phẩm mong_đợi thích sản_phẩm,2026-05-04,Electronic,5,1
nói_chung nhìn đẹp_mắt chắc_chắn sử_dụng không_biết bền không_nhưng thử gối mát_xa giao hàng siêu nhanh bọc hàng cẩn_thận ưng,2026-05-04,Electronic,5,1
thiết_kế tiện_lợi rách 1 chỗ nhưng không_sao,2026-05-04,Electronic,5,1
tốc_độ sấy nhanh chế_độ nhiều mức gió nhiều mức nhiệt tùy_chỉnh tiếng ồn không_ồn_tí mô,2026-05-04,Electronic,5,1
độ chính_xác cân độ_chính_xác ổn chất_liệu không_biết thiết_kế nhỏ nhìn_chung xài ổn hợp giá tiền,2026-05-03,Electronic,5,1
ổn nhưng_mà app quảng_cáo lâu ngồi chờ nửa tiếng xong chán,2026-05-03,Electronic,5,1
giao hàng nhanh mất khoảng tầm 5 phút nóng nhưng thấy loại nói_chung không_thể so_sánh máy thông_thường,2026-05-03,Electronic,5,1
độ chính_xác cân khá chuẩn kết_nối bluetooth kết_nối dễ_dàng thiết_kế nhỏ gọn chắc_chắn cửa_hàng giao hàng khá nhanh,2026-05-03,Electronic,5,1
giữ nhiệt hộp cơm giữ nhiệt tạm 2 3 tiếng chất_liệu không_biết thiết_kế vặn nhỏ gọn phù_hợp giá,2026-05-03,Electronic,5,1
độ chính_xác khá chuẩn kết_nối bluetooth kết_nối nhanh thiết_kế nhỏ gọn mỏng nhẹ giao hàng nhanh sử_dụng dễ_dàng cân theo_dõi nhiều thành_viên gia_đình,2026-05-03,Electronic,5,1
xu_hướng chọn nội_dung thực_tế gần_gũi nhất cuộc_sống cá_nhân phim_ảnh giúp kết_nối trực_tiếp hiện_tại cảm_thấy biết_ơn điều nhỏ_bé cuộc_sống,2026-05-03,Electronic,5,1
độ chính_xác chuẩn kết_nối bluetooth không_biết thiết_kế đẹp cân_chuẩn đóng_gói thêm 1 dây đo ổn_nha mọi,2026-05-03,Electronic,5,1
độ bền chưa_xài loại tốc_độ đun đúng mẫu đúng màu chưa_xài loại biết bền không nhưng thấy giá_cả ổn mua,2026-05-03,Electronic,5,1
nhìn có_vẻ hơi mỏng_manh ọp_ẹp không_biết giữ nhiệt bao_lâu mai kiểm_tra thử sao,2026-05-03,Electronic,5,1
kết_nối bluetooth thiết_kế nhỏ gọn giao hàng nhanh kết_nối bluetooth dễ_dàng đo chỉ_số cơ_thể mong dùng bền,2026-05-03,Electronic,5,1
cân giao hàng nhanh đóng_gói kĩ_cân xinh tặng kèm dây sạc,2026-05-03,Electronic,5,1
độ bền sử_dụng lâu biết tốc_độ đun khá nhanh thiết_kế đẹp mọi mua hàng dùng,2026-05-03,Electronic,5,1
độ bền chưa_sử_dụng tốc_độ đun chưa_sử_dụng thiết_kế nhìn mẫu đẹp nhận hàng nhanh 1 ngày đặt nhưng cầm thấy nhẹ_tay không_biết sử_dụng bền không_nữa hy_vọng bền mẫu đẹp,2026-05-03,Electronic,5,1
thiết_kế,2026-05-03,Electronic,5,1
độ chính_xác chính_xác,2026-05-03,Electronic,5,1
độ chính_xác kết_nối bluetooth thiết_kế mọi chất_lượng cao giá_cả hợp_lý ủng_hộ đường may mũi tốt trông siêu_đẹp siêu ưng_ý trẻo sâu_sắc ý_tưởng mới_mẻ sáng_tạo bán thái_độ tích_cực quả_thật truyền cảm_hứng,2026-05-02,Electronic,5,1
độ chính_xác chất_liệu mọi mua thử hàng đóng_gói cẩn_thận ưng lắm,2026-05-02,Electronic,5,1
